country,title,description,url,image,source,published_at,article_content,headline_hash
Nepal,bills auction: Government records undersubscription for 6th consecutive week; yield on 182,"The 91-day bill was once again the most subscribed bill as GH¢2.75 billion of the bids tendered. This represented 62.1% of the total bids. The uptake was, however, GH¢2.71 billion.",https://www.myjoyonline.com/t-bills-auction-government-records-undersubscription-for-6th-consecutive-week-yield-on-182-day-up-by-6-0bps/,https://www.myjoyonline.com/wp-content/uploads/2020/09/treasury-bills.png,MyJoyOnline,2026-04-26T22:19:33Z,"The government failed to meet its treasury bills target for the sixth consecutive week.
However, the undersubscription was marginal, nearly one percent.
According to the auction results by the Bank of Ghana, the bids tendered by the investors were es... [791 chars]",1e30d7b47fd11626ed398b370f8d4ed1
Nepal,Missy Bo Kearns: Aston Villa and England midfielder discusses her miscarriage,"Aston Villa and England midfielder Missy Bo Kearns says she spent ""four days of hell in hospital"" after suffering a miscarriage and contracting sepsis.",https://www.bbc.com/sport/football/articles/ce8l826gq0lo,https://ichef.bbci.co.uk/ace/branded_sport/1200/cpsprodpb/e083/live/939bdc30-418f-11f1-aab1-e3cba9320794.jpg,BBC,2026-04-26T22:15:27Z,"England international Missy Bo Kearns says she spent ""four days of hell in hospital"" after suffering a miscarriage and contracting sepsis.
Aston Villa midfielder Kearns and partner Liam Walsh, who plays for Luton, shared news of her pregnancy on 1 Ma... [2409 chars]",19c3b2a819fc688357fd04d248a1de3f
Nepal,Magnitude 6.1 earthquake strikes in northern Japan,"A preliminary magnitude 6.1 earthquake struck northern Japan early Monday, the U.S. Geological Survey reported, but there were no immediate reports of...",https://mb.com.ph/2026/04/27/magnitude-61-earthquake-strikes-in-northern-japan,https://mb.com.ph/manilabulletin/uploads/images/2026/04/26/96671.webp,Manila Bulletin,2026-04-26T22:12:56Z,"A preliminary magnitude 6.1 earthquake struck northern Japan early Monday, the U.S. Geological Survey reported, but there were no immediate reports of fatalities or damage,
The quake struck 18 kilometers (11 miles) west of the small town of Sarabetsu... [259 chars]",7a51d90812c547631db56384c7b44a3c
Nepal,Coco Gauff reaches fourth round despite vomiting on court at Madrid Open,"The American beat Sorana Cirstea 4-6, 7-5, 6-1 as Gauff struggled with a virus which has spread through the locker room",https://www.theguardian.com/sport/2026/apr/26/coco-gauff-virus-fourth-round-madrid-open-tennis,"https://i.guim.co.uk/img/media/d4786061ccbaa821673d8512da78b62390c3c323/677_0_6772_5417/master/6772.jpg?width=1200&height=630&quality=85&auto=format&fit=crop&precrop=40:21,offset-x50,offset-y0&overlay-align=bottom%2Cleft&overlay-width=100p&overlay-base64=L2ltZy9zdGF0aWMvb3ZlcmxheXMvdGctZGVmYXVsdC5wbmc&enable=upscale&s=9523e04aadfb929b18e33354d3d91cac",The Guardian,2026-04-26T22:11:00Z,"Coco Gauff described how difficult it has been for players to remain healthy at the Madrid Open this year after she reached the fourth round despite vomiting on court and struggling with a virus that appears to have torn through the locker room.
“I t... [2369 chars]",e26e20482ff4897f9c7d81b7605db0de
Nepal,Ghana Revokes Adamus Resources Mining Leases Over Illegal Chinese Galamsey,"The Minister for Lands and Natural Resources, Emmanuel Armah-Kofi Buah, has directed the immediate revocation of three mining leases belonging to Adamus Resources Limited following an investigation that found the company had facilitated illegal mining, including the unlawful engagement of Chinese nationals in galamsey operations on its concessions. The directive,…",https://www.newsghana.com.gh/ghana-revokes-adamus-resources-mining-leases-over-illegal-chinese-galamsey/,https://b843437.smushcdn.com/843437/wp-content/uploads/2024/08/logo-newsghana.png?lossy=2&strip=1&webp=1,News Ghana,2026-04-26T22:10:00Z,"The Minister for Lands and Natural Resources, Emmanuel Armah-Kofi Buah, has directed the immediate revocation of three mining leases belonging to Adamus Resources Limited following an investigation that found the company had facilitated illegal minin... [2521 chars]",9ba6fff50c0fced7536c30df491f657b
Nepal,US Markets: Stock Futures Drop as Iran Talks Falter,"Crude oil rose and US equity-index futures dropped after US-Iran peace talks stalled, prolonging the closure of the Strait of Hormuz and weighing on sentiment.",https://www.bloomberg.com/news/articles/2026-04-26/us-stock-futures-decline-as-iran-talks-stall-markets-wrap,https://assets.bwbx.io/s3/lightsaber/_next/static/media/social-default.d7363fa9.png,Bloomberg,2026-04-26T22:08:58Z,"Crude oil rose and US equity-index futures dropped after US-Iran peace talks stalled, prolonging the closure of the Strait of Hormuz and weighing on sentiment.
Brent crude rose 2% to above $107 a barrel as the closure of the key waterway curbed flows... [340 chars]",ccd15cc7681ab1ca0aec4e508059239f
Nepal,Spatio-temporal metabarcoding surveys in ports reveal homogenised communities of non-indigenous species with high genetic diversity and connectivity,"Large commercial ports facilitate the introduction of non-indigenous species (NIS), while smaller harbours and marinas promote their regional spread, making harbour networks key drivers of biological invasions. We analysed spatio-temporal patterns of metazoan communities over one year in four medium-size harbours, as well as at an outside reference point, along the NW Mediterranean coast using standardised biological collectors and COI metabarcoding. We identified 1,774 metazoan molecular operational taxonomic units (MOTUs), of which 75 were classified as NIS. Although less diverse than native species, NIS accounted for 34-70% of reads in harbours, with the southernmost harbour showing the highest abundance, likely due to proximity to aquaculture facilities. Spatial structure varied among harbours, but NIS showed consistently low genetic differentiation and shared more MOTUs among sites than native species. Seasonal patterns affected both NIS and native communities. NIS also exhibited higher haplotype diversity and lower genetic differentiation across harbours, suggesting spread via local boating and recurrent introductions. These results highlight contrasting dynamics between NIS and native species in artificial environments and underscore the need for continued monitoring of harbour networks.",https://www.nature.com/articles/s41598-026-49393-3?error=cookies_not_supported&code=2d6937cd-6463-425b-b892-4af7adb676d6,https://www.nature.com/static/images/favicons/nature/favicon-48x48-b52890008c.png,Nature,2026-04-26T22:08:32Z,The Department of Territory of the Catalan Government (“Ports de la Generalitat”) granted the permissions to work in the harbours surveyed. We thank Paco Falcó who provided access to his mooring place in Roses to place the collectors. Thanks also to ... [951 chars],693a9f59b1eb4a7f8aab16905990bcc4
Nepal,"The Universe is Bending Light, and Astronomers Need Your Help to Find it","Einstein told us that massive objects bend light and he was of course, right. Across the universe, giant galaxies are acting as natural telescopes, warping and distorting the light of objects behind them into spectacular arcs and rings. Now the Euclid space telescope wants your help to find them and the scale of the hunt is unlike anything attempted before.",https://www.universetoday.com/articles/the-universe-is-bending-light-and-astronomers-need-your-help-to-find-it,https://www.universetoday.com/article_images/A_Horseshoe_Einstein_Ring_from_Hubble_20260426_220728.jpeg,Universe Today,2026-04-26T22:07:00Z,"Imagine holding a wine glass up to a candle (of course I had to pour a glass to try this.) The curved glass bends and distorts the flame, stretching it into arcs and rings of light. Now scale that up to the size of a galaxy, replace the glass with a ... [3171 chars]",ca9b42e396a243a02fc3fbe919458c7a
Nepal,Korda returns to world number one with Chevron win,Nelly Korda returns to the top of the world rankings with a dominant win at the LPGA Chevron Championship.,https://www.bbc.com/sport/golf/articles/c9qdqn18741o,https://ichef.bbci.co.uk/ace/branded_sport/1200/cpsprodpb/e8f3/live/22b4f390-41bb-11f1-b488-d7c90a195218.jpg,BBC,2026-04-26T22:06:32Z,"Nelly Korda returned to the top of the world rankings after claiming a dominant five-shot victory in the LPGA Chevron Championship.
It is Korda's second Chevron title in three seasons and ensures she leapfrogs Jeeno Thitikul in the rankings, after th... [579 chars]",4e42bdb4d16afc3dc99233a4391837e3
India,"Pakistan not a suitable intermediary, says Iranian MP amid stalled talks",Iranian lawmaker Ebrahim Rezaei said Pakistan is not a suitable intermediary in the ongoing talks. His remarks come as Abbas Araghchi steps up diplomacy from Oman to Islamabad to keep negotiations moving.,https://www.indiatoday.in/world/story/pakistan-mediation-role-questioned-by-iranian-lawmaker-as-araghchi-holds-islamabad-talks-2901983-2026-04-27,https://akm-img-a-in.tosshub.com/indiatoday/images/story/202604/pakistan-peddling-disinformation-on-iran-us-peace-talks-265316846-16x9_1.jpg?VersionId=GAqe3JRvzWs9KfRLxweKCk7xnuuGPcGP,India Today,2026-04-26T21:42:53Z,"An Iranian lawmaker has cast serious doubts on Pakistan’s role as a mediator in ongoing regional negotiations, raising concerns over neutrality at a critical diplomatic juncture.
Ebrahim Rezaei, representing Dashtestan and serving as spokesperson for... [2087 chars]",6a2ebd2553aecea3a98a04b9d95c14a9
India,'Michael' shatters box office records for music biopics with USD 217.4 million opening,"'Michael', the big-budget Michael Jackson spectacle, shrugged off bad reviews and a troubled production to launch with USD 97 million in U.S. and Cana.",https://timesofindia.indiatimes.com/entertainment/english/hollywood/box-office/michael-shatters-box-office-records-for-music-biopics-with-usd-217-4-million-opening/articleshow/130539351.cms,"https://static.toiimg.com/thumb/msid-130539376,width-1280,height-720,imgsize-106966,resizemode-6,overlay-toi_sw,pt-32,y_pad-600/photo.jpg",The Times of India,2026-04-26T21:11:00Z,"'Michael', the big-budget Michael Jackson spectacle, shrugged off bad reviews and a troubled production to launch with USD 97 million in U.S. and Canada theaters, according to studio estimates Sunday, shattering a record debut for music biopics. Inte... [4029 chars]",57a9992cecff9623d5662333defc1f64
India,Roberto De Zerbi delivers Xavi Simons & Dominic Solanke injury updates after Tottenham duo forced off in Wolves win,"Tottenham manager Roberto De Zerbi provided updates on Xavi Simons and Dominic Solanke after both attackers suffered injuries during a vital 1-0 victory over Wolves. The win offers Spurs a lifeline in their desperate relegation battle, but losing their star duo could severely impact their fight for Premier League survival.",https://www.goal.com/en/lists/roberto-de-zerbi-delivers-xavi-simons-dominic-solanke-injury-updates-tottenham-duo-forced-off-wolves-win/blt956338e6b5884bed,https://assets.goal.com/images/v3/blt6d0679f06db09972/FotoJet%20-%202026-04-27T055258.106.jpg,Goal.com,2026-04-26T21:08:01Z,"De Zerbi admitted that the fear of relegation is heavily impacting his squad, despite Tottenham securing a rare 1-0 win away to Wolves. The result leaves the club sitting 18th on 34 points, two points behind 17th-placed West Ham United in the fight f... [1553 chars]",c5da058c5efb3a6ea816673ee63305db
India,"Aamir Khan tears up watching Junaid Khan's acting, praises Sai Pallavi at Ek Din event: 'Best actress in our country today'",Aamir Khan was seen getting emotional at a special event for his upcoming production Ek Din in the city on Sunday. The actor attended the event along .,https://timesofindia.indiatimes.com/entertainment/hindi/bollywood/news/aamir-khan-tears-up-watching-junaid-khans-acting-praises-sai-pallavi-at-ek-din-event-best-actress-in-our-country-today/articleshow/130539293.cms,"https://static.toiimg.com/thumb/msid-130539304,width-1280,height-720,imgsize-36248,resizemode-6,overlay-toi_sw,pt-32,y_pad-600/photo.jpg",The Times of India,2026-04-26T20:24:00Z,"Aamir Khan was seen getting emotional at a special event for his upcoming production Ek Din in the city on Sunday. The actor attended the event along with his son Junaid Khan and co-star Sai Pallavi. As performances unfolded at the event, Aamir appea... [1835 chars]",778c17f7b524dca8b8f96ee6790a128b
India,Bhooth Bangla - Box Office Collection Day 11,"Bhooth Bangla day wise box office collection analysis. The movie collected ₹135.0 crores in 11 days across 110093 shows with 6055368 footfalls. Daily collection: Day 0: ₹4.5 Cr, Day 1: ₹14.7 Cr, Day 2: ₹22.8 Cr and more. Get complete day wise box office collection, occupancy, footfalls and detailed analysis on Sacnilk.",https://sacnilk.com/quicknews/bhooth_bangla_2026_Box_Office_Collection_Day_11,https://cdn.sacnilk.com/image/news/1000025433.jpg,Sacnilk,2026-04-26T20:12:56Z,"Bhooth Bangla and Dhurandhar 2 Box Office: Horror-Comedy Delivers Good Second Weekend As Spy Actioner Remains Strong In Sixth Weekend
BY SACNILK
Mumbai, April 26 - Superstar Akshay Kumar-fronted Bhooth Bangla continues to perform well at the box offi... [13176 chars]",d983f200d9e592a42ed08a1094126011
India,"DC gunman Cole Thomas Allen said in his manifesto that he would spare one Trump administration official, and it was...",US News: A gunman who attempted to attack the White House Correspondents’ Association event in Washington DC reportedly compiled a 1000-word manifesto in which.,https://timesofindia.indiatimes.com/world/us/dc-gunman-cole-thomas-allen-said-in-his-manifesto-that-he-would-spare-one-trump-administration-official-and-it-was-/articleshow/130538143.cms,"https://static.toiimg.com/thumb/msid-130539028,width-1280,height-720,imgsize-136742,resizemode-6,overlay-toi_sw,pt-32,y_pad-600/photo.jpg",The Times of India,2026-04-26T19:32:00Z,"A gunman who attempted to attack the White House Correspondents’ Association event in Washington DC reportedly compiled a 1000-word manifesto in which he listed his intended targets, while singling out one Trump administration official he did not pla... [2030 chars]",8a1c789e476e44792d9e6e6e2251b3ac
India,"Apple iPhone 18 Pro Color Options Revealed, Beloved Shade Missing",Discover the new color options for Apple’s iPhone 18 Pro revealed today. Find out which popular shade is missing from the latest lineup.,https://www.rswebsols.com/news/the-color-options-for-apples-iphone-18-pro-have-been-revealed-but-one-beloved-shade-is-absent/,https://cdn.rswebsols.com/wp-content/uploads/2026/02/red-iphone18-.jpg,RS Web Solutions,2026-04-26T19:00:00Z,"The iPhone 18 Pro is emerging as one of Apple’s most eagerly awaited launches, with recent revelations offering captivating glimpses into its design and available color schemes.
Industry insiders report four potential finishes: light blue, dark cherr... [4669 chars]",0b69fdc48090b884f161ed6ef71313be
India,India reels under severe heatwave; 98 of world’s hottest cities recorded in country,"Temperatures in many regions have surpassed 40°C, with some locations nearing 45°C, pointing to a trend of increasingly intense heatwaves.",https://www.newindianexpress.com/nation/2026/Apr/26/india-reels-under-severe-heatwave-98-of-worlds-hottest-cities-recorded-in-country,https://media.newindianexpress.com/newindianexpress%2F2026-04-26%2F956rq2g8%2FAFP2024060234UP6JXv5HighResTopshotIndiaWeatherHeatwave.jpg?w=1200&ar=40%3A21&auto=format%2Ccompress&ogImage=true&mode=crop&enlarge=true&overlay=false&overlay_position=bottom&overlay_width=100,The New Indian Express,2026-04-26T18:56:22Z,"India is witnessing severe heatwave conditions across several regions, with 98 of the world’s 100 hottest cities currently located in the country, raising concerns over the impact of rising temperatures.
According to data from AQI.in, India is experi... [1686 chars]",f720decc0af4ae9b3cf9aa168cdf0ce3
India,Chelsea player ratings vs Leeds: Enzo Fernandez keeps Blues' season alive! Under-fire midfielder heads Calum McFarlane's men into FA Cup final as Joao Pedro makes huge difference,Chelsea player ratings from the Blues' FA Cup semi-final against Leeds at Wembley Stadium,https://www.goal.com/en-in/lists/chelsea-player-ratings-leeds-enzo-fernandez-joao-pedro/blteda3c90bbcdf7fbf,https://assets.goal.com/images/v3/blt57a6a54127d6d22d/GOAL%20-%20Multiple%20Images%20-%203%20Stacked%20-%20Facebook.jpg,Goal.com,2026-04-26T18:54:26Z,"Robert Sanchez (7/10):
Only really needed to make two serious saves but they were both excellent stops, first from Aaronson and then Stach.
Malo Gusto (7/10):
Recovered after picking up a knock in the first minute. Always adventurous as he inverted i... [1347 chars]",85af2a21aacc59d409b8a66e265676ba
USA,Strikes kill 16 in Ukraine and Russia on Chernobyl anniversary,"Strikes across Ukraine, Russian-occupied territory and Russia have killed at least 16 people. The attacks on Sunday coincided with the 40th anniversary of the Chernobyl disaster, prompting warnings about risks near the plant.",https://apnews.com/article/russia-ukraine-chernobyl-drones-nuclear-2b73174246cca0e03c432034b82e265b,https://dims.apnews.com/dims4/default/a6f3428/2147483647/strip/true/crop/5392x3593+0+1/resize/980x653!/quality/90/?url=https%3A%2F%2Fassets.apnews.com%2Fd2%2Ffb%2F739a8c7eb2d0a5bf61e19bb2ef70%2F1ba1df9631b345a4b71930b74602dbf9,AP News,2026-04-26T22:06:00Z,"KYIV, Ukraine (AP) — Strikes across Ukraine, Russian-occupied territory and Russia over the past day killed at least 16 people, authorities said Sunday as the 40th anniversary of the Chernobyl nuclear disaster prompted new warnings about risks posed ... [4312 chars]",c503e08f04fac357e7a045c26195976c
USA,Former Israeli Premiers Join in Bid to Oust Netanyahu in Elections,"Naftali Bennett, a right-wing politician, and Yair Lapid, a centrist, will merge parties for a vote later this year.",https://www.nytimes.com/2026/04/26/world/middleeast/israel-netanyahu-lapid-bennett.html,https://static01.nyt.com/images/2026/04/26/multimedia/26int-israel-politics-vqhm/26int-israel-politics-vqhm-facebookJumbo.jpg,The New York Times,2026-04-26T22:00:17Z,"The centrist leader of Israel’s opposition, Yair Lapid, and a right-wing former prime minister, Naftali Bennett, announced on Sunday that they would combine forces in elections later this year. The merger is an apparent bid to reconstitute a partners... [1064 chars]",148de8b4fc53df2cc1c0b2741b09fdd8
USA,"Severe weather in northern Texas leaves at least 2 dead, families displaced","At least two people have died from a severe tornado-producing storm that hit northern Texas, and many homes have sustained major damage. Wise County Judge J.D.",https://apnews.com/article/storms-texas-runaway-bay-springtown-tornado-435e3e533278167cfee1eb47c2fa64c3,https://dims.apnews.com/dims4/default/d4914e6/2147483647/strip/true/crop/6299x4197+0+2/resize/980x653!/quality/90/?url=https%3A%2F%2Fassets.apnews.com%2Fb8%2Fd5%2F4a2c63842cf03c363a804223077a%2F72c736909c094428a791c3f5f207e1f4,AP News,2026-04-26T21:29:00Z,"RUNAWAY BAY, Texas (AP) — A tornado-producing thunderstorm left at least two people dead in northern Texas and displaced at least 20 families, with many homes sustaining major damage, authorities said Sunday.
At least one person was killed and numero... [1606 chars]",f8b88af11924dbae9b9d2c7503ecf08b
USA,Mali’s Defence Minister Sadio Camara killed during coordinated attacks,Death of influential minister seen as a big blow for Mali’s military government during fighting with armed groups.,https://www.aljazeera.com/news/2026/4/26/malis-defence-minister-sadio-camara-killed-amid-coordinated-attacks,https://www.aljazeera.com/wp-content/uploads/2026/04/AFP__20260426__A8YH76B__v1__HighRes__FilesMaliUnrest-1777205274.jpg?resize=1920%2C1440,Al Jazeera,2026-04-26T21:25:03Z,"Mali’s Defence Minister, General Sadio Camara has been killed in coordinated attacks on military sites nationwide, a government spokesperson has confirmed.
Camara ⁠was killed when ⁠assailants targeted his house, the spokesperson, ⁠Issa Ousmane Coulib... [2750 chars]",7cac16251deb30c8eb94540d6d33fe90
USA,Stagecoach festival evacuation makes for memorable Day 2 of 2026 fest,"These are the things that made Saturday memorable at Indio's annual country music festival. (Hint: Yes, one was a historic evacuation.)",https://www.desertsun.com/story/entertainment/stagecoach/2026/04/26/stagecoach-festival-evacuation-makes-for-memorable-day-2-of-2026-fest-see-picks-best-moments-worst/89806551007/,"https://www.desertsun.com/gcdn/authoring/authoring-images/2026/04/26/PPAS/89807189007-20260425-stagecoach-lainey-wilson-013.jpg?crop=2999,1688,x0,y149&width=2999&height=1688&format=pjpg&auto=webp",The Desert Sun,2026-04-26T21:18:00Z,"Saturday, April 25, marked the second day of Stagecoach 2026, and it was just another fun day at the festival — until Mother Nature got in the way.
The day featured plenty of highs, but also a historic low that we'll be recalling for years to come.
H... [4512 chars]",bf4a0df01873bce0c28dc2d166c203e9
USA,Suspect Cole Allen in custody after shots fired at White House Correspondents’ Dinner,"Cole Allen has been identified as the suspected shooter at the White House Correspondents’ Dinner Saturday night. President Donald Trump, Vice President JD Vance, first lady Melania Trump and other top officials were evacuated from the head table in the ballroom of the Washington Hilton hotel after apparent gunshots were heard.",https://www.foxnews.com/live-news/white-house-correspondents-dinner-shooting-04-26-26,https://assets.foxnews.com/liveblog/fn/prod/images/2026/04/81b9f77a802da162cf5a9d484ed86a4f.jpg,Fox News,2026-04-26T21:08:58Z,"2 hours ago
Pinned
Justice Department warns ballroom lawsuit endangers Trump, threatens to move to dismiss case
The U.S. Department of Justice said a lawsuit challenging plans for a new White House ballroom is putting President Donald Trump at risk f... [31537 chars]",f813f2e4d1115b94997ef08d53402caf
USA,What's at stake in the Elon Musk-Sam Altman trial,"Jury selection begins Monday in a federal courtroom in Oakland, California, in a civil trial featuring one tech billionaire, Elon Musk, who is suing another, Sam Altman.",https://www.nbcnews.com/tech/tech-news/elon-musk-sam-altman-oakland-trial-rcna341919,"https://media-cldnry.s-nbcnews.com/image/upload/t_nbcnews-fp-1200-630,f_auto,q_auto:best/rockcms/2026-04/260424-elon-musk-sam-altman-ew-255p-c6e694.jpg",NBC News,2026-04-26T21:00:00Z,"SAN FRANCISCO — It’s a trial so unusual, not even artificial intelligence could make it up.
Jury selection begins Monday in a federal courtroom in Oakland, California, in a civil trial that features one tech billionaire, Elon Musk, suing another, Sam... [6903 chars]",720b20a5f32691bf9c7e987e8e7e22fa
USA,Prosecutors reveal details surrounding killing of University of South Florida student Zamil Limon,"Prosecutors revealed new evidence in the killing of the Florida doctoral student whose body was found on a Tampa Bay bridge, including a timeline of events surrounding the killing of Zamil Limon and the disappearance of his friend Nahida Bristy.",https://www.cnn.com/2026/04/26/us/usf-students-dead-missing-suspect,"https://media.cnn.com/api/v1/images/stellar/prod/20260424-students.jpg?c=16x9&q=w_800,c_fill",CNN,2026-04-26T20:56:58Z,"Prosecutors revealed new evidence in the killing of the Florida doctoral student whose body was found on a Tampa Bay bridge, including a timeline of events surrounding the killing of Zamil Limon and the disappearance of his friend Nahida Bristy.
Limo... [4135 chars]",97a3b286b1fbcc1e3bebef6d66962dd5
USA,BAFTA Television Craft Awards 2026 Winners List,The British Academy has gathered to recognize those behind the scenes at the 27th BAFTA Television Craft Awards with Samsung OLED.,https://deadline.com/2026/04/bafta-television-craft-awards-2026-winners-list-1236872700/,https://deadline.com/wp-content/uploads/2023/01/bafta-1.jpg?w=1024,Deadline,2026-04-26T20:53:00Z,"The British Academy has gathered to recognize those behind the scenes at the 27th BAFTA Television Craft Awards with Samsung OLED.
Hosted by comedian Greg Davies for BBC One, Sunday’s awards ceremony at The Brewery in London ended with victory for sh... [1413 chars]",8bf91b3810579168ccbf2d956a128cb1
Australia,Parents turn to Dr TikTok amid time and cost pressures,"More Australian parents are turning to social media and AI for health advice as cost-of-living and time pressures make traditional care harder to access, new research shows.",https://media.bupa.com.au/parents-turn-to-dr-tiktok-amid-time-and-cost-pressures/,https://content.presspage.com/uploads/1950/d19152e2-2772-4d45-a256-a02be03eddb8/1920_bupapulsecheck2026.jpg?10000,Bupa,2026-04-26T22:01:01Z,"Australian parents are increasingly turning to social media and AI-powered tools for health advice to support their physical and mental wellbeing as cost-of-living and time pressures make traditional care harder to access, new research shows.
The 202... [5435 chars]",6b42219b638b80ec030b795f3f46534a
Australia,Assassin's Creed Hexe loses 2nd director-level developer in as many months,Not usually the best sign.,https://tech.yahoo.com/gaming/articles/assassins-creed-hexe-loses-2nd-215522086.html,https://s.yimg.com/ny/api/res/1.2/V35XCQQQnN52m69ztxNNtw--/YXBwaWQ9aGlnaGxhbmRlcjt3PTEyMDA7aD02NzU-/https://media.zenfs.com/en/pc_gamer_708/44c0268d8fbf73021b5529f1e6e719a2,Yahoo Tech,2026-04-26T21:55:22Z,"When you buy through links on our articles, Future and its syndication partners may earn a commission.
As reported by IGN, Assassin's Creed Hexe game director Benoit Richer has left the project. Richer is the second director-level developer to leave ... [1715 chars]",69b65a1a16f902fcdce15dba732d7732
Australia,"Five people rescued, two still unaccounted for in Bowen Mountain house fire",Two children remain unaccounted for after five people were rescued from a house fire in Bowen Mountain on Monday morning in the Hawkesbury region.,https://www.abc.net.au/news/2026-04-27/children-in-house-fire-bowen-mountain-hawkesbury/106609972,https://live-production.wcms.abc-cdn.net.au/3cfb712ea551a4322c7f8556c73fed2c?impolicy=wcms_watermark_news&cropH=1080&cropW=1920&xPos=0&yPos=0&width=862&height=485&imformat=generic,Australian Broadcasting Corporation,2026-04-26T21:43:09Z,"In short:
Two children remain unaccounted for after five people escaped a fire at a home in Bowen Mountain overnight.
Four out of the five people who escaped the fire have been taken to Nepean Hospital for treatment.
What's next?
Investigators have b... [1859 chars]",03543200e431646791bf2c48d6cf6af8
Australia,Coledale RSL is thriving thanks to troop of community volunteers,"When its local RSL club was on the brink of collapse, a community on the NSW South Coast rallied a troop of volunteers to ensure it stayed open.",https://www.abc.net.au/news/2026-04-27/coledale-rsl-brought-back-to-life-by-volunteers/106517296,https://live-production.wcms.abc-cdn.net.au/65c02caa4be31f42c23b43592bfec08e?impolicy=wcms_watermark_news&cropH=2813&cropW=5000&xPos=0&yPos=486&width=862&height=485&imformat=generic,Australian Broadcasting Corporation,2026-04-26T21:30:30Z,"Noel ""Rooster"" Brackenreg's connection to the Coledale RSL started when he was a 12-year-old boy.
He watched it being built from an old army hut in 1948, and years later would call in for a drink after working long shifts at a nearby coal mine in Wol... [2022 chars]",4dd3844e1c37983a73e6087425fbba02
Australia,"Esteban Andrada punches Jorge Pulido, sparking Aragonese derby brawl between Real Zaragoza and Huesca",The Aragonese derby between Real Zaragoza and Huesca descends into a wild brawl after Zaragoza goalkeeper Esteban Andrada punches Huesca skipper Jorge Pulido in the face.,https://www.abc.net.au/news/2026-04-27/esteban-andrada-gets-sent-off-punches-opposition-in-the-fa/106609926,https://live-production.wcms.abc-cdn.net.au/63e1a84e0b1f7e448c8fa82600dda077?impolicy=wcms_watermark_news&cropH=560&cropW=995&xPos=66&yPos=45&width=862&height=485&imformat=generic,Australian Broadcasting Corporation,2026-04-26T21:15:31Z,"Real Zaragoza goalkeeper Esteban Andrada has sparked a mass brawl after punching Huesca captain Jorge Pulido in a fiery Spanish Segunda División clash.
Zaragoza's Dani Tasende was also dismissed after a VAR review of the brawl, as was Huesca keeper D... [1229 chars]",64c89abc143488afbfb54dfd5c4a800e
Australia,Canberra is growing its economic 'pie' to become more than a city of public administration,"The capital has long been known as a public service town, but with about two in three workers now employed in the private sector and the population expected to reach nearly 700,000 by 2050, is that reputation — and key economic driver — likely to change?",https://www.abc.net.au/news/2026-04-27/canberra-economic-growth-from-public-service/106594870,https://live-production.wcms.abc-cdn.net.au/be93e0078a38890d9af6b72e78d4322f?impolicy=wcms_watermark_news&cropH=2268&cropW=4032&xPos=0&yPos=0&width=862&height=485&imformat=generic,Australian Broadcasting Corporation,2026-04-26T21:10:00Z,"Capital Brewing co-founder Laurence Kain admits manufacturing and production lines aren't the first things that come to people's minds when they think of Canberra.
""Brewing isn't an industry that existed in Canberra on any scale even 10 years ago,"" M... [7538 chars]",cb1b6b2ef41259cb9cc0b5ce2897517a
Australia,"Live updates: Wall Street rallies to record high, ASX set for flat opening","The S&P 500 rallied to yet another record close as first-quarter earnings continued to beat expectations, but the ASX is priced for a muted opening. Follow the day's events and insights from our business reporters on the ABC News live markets blog.",https://www.abc.net.au/news/2026-04-27/asx-markets-business-news-live-updates/106606874,https://live-production.wcms.abc-cdn.net.au/243afdeb72b57081273fdf917bd143e4?impolicy=wcms_watermark_news&cropH=1689&cropW=3000&xPos=0&yPos=308&width=862&height=485&imformat=generic,Australian Broadcasting Corporation,2026-04-26T21:05:35Z,"I'm not sure how much longer we'll have more affordable petrol if the way oil prices are going today is any indication.
Brent crude futures rose more than 2% to touch a three-week high of $US107.97 a barrel.
Brent crude is now trading at $US107.79, u... [7542 chars]",49e82a5a03c05dad0567820a8d27be09
Australia,"Iran’s foreign minister leaves Pakistan, heads to Russia for more talks","Abbas Araghchi will speak with ‘senior officials’ in Moscow, Iran’s Foreign Ministry says.",https://www.aljazeera.com/news/2026/4/26/irans-foreign-minister-leaves-pakistan-en-route-to-russia-for-more-talks,https://www.aljazeera.com/wp-content/uploads/2026/04/reuters_69ee73ae-1777234862.jpg?resize=1200%2C630,Al Jazeera,2026-04-26T21:00:00Z,"Iran’s top diplomat, Abbas Araghchi, has left Islamabad for Moscow, the Iranian Ministry of Foreign Affairs said, as mediators hope to keep the prospect of more Tehran-Washington talks alive.
Araghchi sandwiched a trip to Muscat, Oman, in between vis... [2676 chars]",3a45097c0cf57c2608db173be91912ac
Australia,Morning Mail: Trump among ‘likely’ targets of White House press dinner shooting; call for ‘birdman’ inquest; what is cosmeticorexia?,Details emerge of suspect in gala dinner shooting; inquest urged after death of Bikram Lama,https://www.theguardian.com/australia-news/2026/apr/27/morning-mail-monday-ntwnfb,"https://i.guim.co.uk/img/media/869faadd11cce42e4a25c859a5d21cbc0b1c5475/222_0_1833_1467/master/1833.jpg?width=1200&height=630&quality=85&auto=format&fit=crop&precrop=40:21,offset-x50,offset-y0&overlay-align=bottom%2Cleft&overlay-width=100p&overlay-base64=L2ltZy9zdGF0aWMvb3ZlcmxheXMvdGctZGVmYXVsdC5wbmc&enable=upscale&s=fc9581dc8ac9b78fd7bcca397078d1b7",The Guardian,2026-04-26T20:57:00Z,"Good morning. More details are emerging about the alleged intended targets of a shooting at the White House press dinner. A Secret Service agent was shot, Donald and Melania Trump rushed out, and journalists dived under tables. It has given new urgen... [5546 chars]",35ea8159bbec59f3b8b412d9a9eba8a6
Australia,Scientists Discover How the Iconic ‘Twelve Apostles’ Rock Formations Were Created in Australia,Landmark research confirmed the ancient impetus that formed the iconic ‘Twelve Apostles’ rock formations along Australia’s southern coast.,https://www.goodnewsnetwork.org/scientists-discover-how-the-iconic-twelve-apostles-rock-formations-were-created/,https://www.goodnewsnetwork.org/wp-content/uploads/2026/04/The-Twelve-Apostles-rock-formations-in-Victoria-Australia-Credit-Michael-J-Fromholtz-wikipedia-CC-BY-SA-4-cropped.jpg,Good News Network,2026-04-26T20:45:43Z,"Research from the University of Melbourne for the first time has confirmed the ancient impetus that formed the iconic Twelve Apostles, 25 miles of rock formations along Australia’s southern coast.
The evidence is in: tectonic plate movements over mil... [3333 chars]",d4b08a2ab7bbce27876616143b591339
Nepal,4 takeaways: Victor Wembanyama returns and De'Aaron Fox keys dominant 2nd half in Game 4,The Spurs fought to beat the Trail Blazers in Game 4 and became the first team in NBA playoff history to trail by 15 or more at halftime and win by 15 or more.,https://www.nba.com/news/trail-blazers-spurs-2026-playoffs-first-round-game-4-takeaways,https://cdn.nba.com/manage/2026/04/GettyImages_wembyreturn.jpg,NBA,2026-04-27T00:32:20Z,"• Download the NBA App
Victor Wembanyama made a triumphant return to the NBA playoffs.
The San Antonio Spurs star missed Game 3 with a concussion and was cleared to play in Game 4. His presence in the lineup helped the Spurs to a 114-93 victory Sunda... [4947 chars]",25598efd145f1f022d07142ca22e617d
Nepal,40Cr Latent TB Carriers Biggest Hurdle To Elimination: Maha Task Force Head,"Nagpur: A silent reservoir of 35-40 crore people carrying latent tuberculosis infection in India is the biggest challenge to TB elimination, said Dr S.",https://timesofindia.indiatimes.com/city/nagpur/40cr-latent-tb-carriers-biggest-hurdle-to-elimination-maha-task-force-head/articleshow/130539255.cms,"https://static.toiimg.com/thumb/msid-117593252,width-1280,height-720,imgsize-99415,resizemode-6,overlay-toi_sw,pt-32,y_pad-600/photo.jpg",The Times of India,2026-04-27T00:31:00Z,"Nagpur: A silent reservoir of 35-40 crore people carrying latent tuberculosis infection in India is the biggest challenge to TB elimination, said Dr Sushant Meshram, chairman, Maharashtra task force committee for National TB Elimination Programme (NT... [2191 chars]",8dcf6a075b312c13413fba55837fe246
Nepal,DigiPlus Interactive Corp. Sets 2026 Annual Stockholders' Meeting,"DigiPlus Interactive Corp. has announced that its Annual Meeting of Stockholders (ASM) will take place on Friday, May 29, 2026, at 2:00 p.m. The meeting will be...",https://mb.com.ph/2026/04/27/digiplus-interactive-corp-sets-2026-annual-stockholders-meeting,https://mb.com.ph/manilabulletin/uploads/images/2026/04/27/96686.webp,Manila Bulletin,2026-04-27T00:30:12Z,"DigiPlus Interactive Corp. has announced that its Annual Meeting of Stockholders (ASM) will take place on Friday, May 29, 2026, at 2:00 p.m. The meeting will be conducted in a hybrid format, combining an in-person session for members of the Board of ... [449 chars]",20fac8198ecb3e7f280093ea7e92fc3e
Nepal,A decade after Diwata-1: From crisis to capability,"In the aftermath of Yolanda in 2013, the Philippines faced one of its most devastating disasters. Entire communities were flattened, and the country urgently...",https://mb.com.ph/2026/04/27/a-decade-after-diwata-1-from-crisis-to-capability,https://mb.com.ph/manilabulletin/uploads/images/2026/04/27/96689.webp,Manila Bulletin,2026-04-27T00:30:12Z,"In the aftermath of Yolanda in 2013, the Philippines faced one of its most devastating disasters. Entire communities were flattened, and the country urgently needed satellite imagery to assess damage and guide response efforts. At the time, however, ... [4753 chars]",5b83b9c625725d0aa42b79cef2ba4ac1
Nepal,Dalal Street set for solid opening as GIFT Nifty indicates a positive start. Key levels and triggers to track,"Indian markets faced pressure on Friday, with the Nifty falling below 24,000. Analysts anticipate near-term consolidation. Investor sentiment remains cautious, closely watching West Asia conflict developments. Geopolitical uncertainty is impacting crude oil prices, the rupee, and equity markets. Foreign portfolio investors were net sellers, while domestic institutional investors bought shares.",https://economictimes.indiatimes.com/markets/stocks/news/pre-market-action-heres-the-trade-setup-for-todays-session/articleshow/130536022.cms?from=mdr,"https://img.etimg.com/thumb/msid-130536053,width-1200,height-630,imgsize-43554,overlay-etmarkets/articleshow.jpg",The Economic Times,2026-04-27T00:30:00Z,"Synopsis
Indian markets faced pressure on Friday, with the Nifty falling below 24,000. Analysts anticipate near-term consolidation. Investor sentiment remains cautious, closely watching West Asia conflict developments. Geopolitical uncertainty is imp... [5416 chars]",dcfe89bf6613e6382942ecd82b1d6cb7
Nepal,Analysing microscopic life in glacial lake muds points to the changing ecosystem of Ladakh's Tsoltak Glacial Lake,"Microscopic aquatic life and chemical signatures trapped in the sediments of a remote Himalayan lake are revealing how prolonged summers are subtly transforming some of Earth's harshest and most fragile environments. | Uttarakhand Open University,Birbal Sahni Institute of Palaeosciences,Agharkar Research Institute,Academy of Scientific and Innovative Research ,Tsoltak Lake | Research News by ""Research Matters""",https://researchmatters.in/news/analysing-microscopic-life-glacial-lake-muds-points-changing-ecosystem-ladakhs-tsoltak-glacial,https://researchmatters.in/sites/researchmatters/files/Tsoltak%20lake.jpg,researchmatters.in,2026-04-27T00:30:00Z,"A team of researchers has discovered that a remote, high-altitude glacial lake in the Himalayas is becoming more biologically productive, signalling a clear shift in the region's climate. Deep in the freezing, desert-like environment of the Ladakh Ra... [4143 chars]",be85d2d6bec5a424cf15dd4c6ea2639f
Nepal,Australia news live: bodies of two children found after house fire near Blue Mountains,Follow live,https://www.theguardian.com/australia-news/live/2026/apr/27/australia-news-live-penny-wong-fuel-crisis-cost-of-living-budget-jim-chalmers-booing-anzac-day-welcome-to-country-anthony-albanese-angus-taylor-ntwnfb,"https://i.guim.co.uk/img/media/6ce3cf57c411a44f0c91252d0e3e47ce2f528673/0_0_5200_4160/master/5200.jpg?width=1200&height=630&quality=85&auto=format&fit=crop&precrop=40:21,offset-x50,offset-y0&overlay-align=bottom%2Cleft&overlay-width=100p&overlay-base64=L2ltZy9zdGF0aWMvb3ZlcmxheXMvdGctbGl2ZS5wbmc&enable=upscale&s=42488ae37511e95421ba0f04bbda5d25",The Guardian,2026-04-27T00:29:27Z,"From 1h ago
NT police call for assistance to locate man allegedly linked to abduction of five-year-old girl
Sarah Collard
Northern Territory police are calling for urgent public assistance to locate Sharon, a five-year-old girl missing from an Alice ... [8622 chars]",c59c72a3d5180d417c24deff9c88e811
Nepal,"""You should be ashamed of yourself"": Trump pushes back in post","Trump disputes claims tied to suspect writings, pushes back on framing of WHCD shooting during 60 Minutes interview",https://www.salon.com/2026/04/26/you-should-be-ashamed-of-yourself-trump-pushes-back-in-post-shooting-interview/,https://www.salon.com/app/uploads/2026/04/SundayApril19_editorsnote_html_93ce8247e7700617.gif,Salon.com,2026-04-27T00:29:12Z,"President Donald Trump bristled during a “60 Minutes” interview Sunday when questioned about writings attributed to the suspect in the White House Correspondents’ Dinner shooting, rejecting excerpts from what investigators describe as a manifesto and... [2900 chars]",b088a9f7e44e17620f75261e096f88c4
Nepal,Who is Cole Tomas Allen? Everything we know about suspected shooter,Alleged gunman at Washington dinner is video game developer who donated to Kamala Harris campaign,https://www.telegraph.co.uk/world-news/2026/04/26/washington-donald-trump-gunman-cole-tomas-allen-teacher/,https://www.telegraph.co.uk/content/dam/world-news/2026/04/26/TELEMMGLPICT000481175758_17771934864190_trans_NvBQzQNjv4BqB5se9bjuzvF8SuJNk7Ykl2M4S1u_kNqQtETCuvfEn_0.jpeg?impolicy=OG-Standard,The Telegraph,2026-04-27T00:27:00Z,"The suspect in the Washington shooting is a “teacher of the month” who donated to Kamala Harris’s presidential campaign.
Cole Tomas Allen is accused of rushing a security checkpoint before opening fire at the White House Correspondents’ Association d... [5997 chars]",16c37e14015b4617ffc6731d70acf2a8
Nepal,‘Gunman Sought To Kill Trump At Gala Dinner’,"“They seem to think he was a lone wolf, and I feel that too,” the president said. One officer was shot at close range in his safety vest and appeared to be",https://dailytrust.com/gunman-sought-to-kill-trump-at-gala-dinner/,https://dailytrust.com/wp-content/uploads/2022/10/Daily-Trust-Logo-566x400.jpg,Daily Trust,2026-04-27T00:27:00Z,"Investigators on Sunday said the gunman who tried to storm a gala dinner attended by Donald Trump planned to assassinate the US president and multiple top officials, as scrutiny grew over the event’s security.
Trump, who was rushed out of the hotel b... [2532 chars]",58b2ee21e881a15bb6afdbd3943f41ec
USA,"Bravo reveals source of 'Summer House' reunion audio leak, takes 'appropriate action'","Bravo revealed that a member of production was the one who leaked audio from the ""Summer House"" season 10 reunion.",https://pagesix.com/2026/04/26/celebrity-news/bravo-reveals-source-of-summer-house-reunion-audio-leak-takes-appropriate-action/,https://pagesix.com/wp-content/uploads/sites/3/2026/04/126471572.jpg?quality=75&strip=all&w=1200,Page Six,2026-04-26T23:57:00Z,"Bravo revealed that they found the source of the dramatic leaked audio of Ciara Miller and Amanda Batula going head-to-head during the “Summer House” season 10 reunion.
In a statement Sunday, the network said the unauthorized leaked audio came from a... [1941 chars]",f9f015883734ca6559237450bf922980
USA,"Connelly Early solid, Red Sox win first game under Chad Tracy","The Red Sox stole four bases in five tries, both highs on the season after they swiped 16 bags in their first 27 games.",https://www.bostonglobe.com/2026/04/26/sports/red-sox-win-chad-tracy-debut/,https://bostonglobe-prod.cdn.arcpublishing.com/resizer/v2/Y56OKD23H347GREGB6XAXB4BVM.jpg?auth=dd9ce0d7f8c4f4d12d30b35dc37a520edeb7ca19245379e21339b2bdbacc7bd8&width=1440,The Boston Globe,2026-04-26T23:51:56Z,"The Red Sox stole four bases in five tries, both highs on the season after they swiped 16 bags in their first 27 games. They pushed rookie lefthander Connelly Early into the seventh inning for the first time in his major league life, and he responded... [3511 chars]",9774744df27419ef9bf800fdf52fe7bc
USA,'Michael' Movie Director Talks Reshoots And Controversies: Q&A,"'Michael' director Antoine Fuqua talks about the challenges in making the Michael Jackson biopic, the reshoots and an upcoming sequel.",https://deadline.com/2026/04/michael-movie-director-interview-reshoots-controversy-1236872832/,https://deadline.com/wp-content/uploads/2026/04/maven-unit-250702-00036r-crop2-e1777236989713.jpg?w=1024,Deadline,2026-04-26T23:39:00Z,"Antoine Fuqua notched the best opening of his career at the box office this weekend as his Michael Jackson biopic Michael, from Lionsgate and Universal, debuted to $97 million in the U.S. and $217.4M worldwide. The sweat truly paid off for the direct... [9038 chars]",b72a74ae151d80d52111784973088cec
USA,Trail Blazers Setting Wrong Records Against Spurs in NBA Playoffs,The Blazers should get an NBA Cup for being first-half champions.,https://www.blazersedge.com/trail-blazers-analysis/111937/portland-trail-blazers-san-antonio-spurs-final-score-game-4-stats-wembanyama-avdija-scoot-nba-record-playoffs-2026,https://platform.blazersedge.com/wp-content/uploads/sites/34/2026/04/imagn-28820384.jpg?quality=90&strip=all&crop=8.6%2C5.1855972226006%2C91.4%2C71.781226293703&w=1200,Blazer's Edge,2026-04-26T23:28:01Z,"The Portland Trail Blazers gave away their chances of winning the first-round series against the San Antonio Spurs, along with the greater part of their dignity, in a 114-93 loss on Sunday afternoon. For the second straight game, the Blazers built an... [10994 chars]",0fba1a5070cf8c5192a3d0513627ebd0
USA,SpaceX Falcon Heavy rocket launch from Florida followed by Atlas V,A rare SpaceX Falcon Heavy is set to kick off a doubleheader launch day from Florida. Here's what to know before liftoff.,https://www.floridatoday.com/story/tech/science/space/2026/04/26/spacex-falcon-heavy-rocket-launch-from-florida-monday-kennedy-what-to-know-before-liftoff-ula-atlasv--live/89757815007/,"https://www.floridatoday.com/gcdn/authoring/authoring-images/2026/04/23/PBRE/89747989007-usatsi-24488550.jpg?crop=4381,2464,x0,y392&width=3200&height=1800&format=pjpg&auto=webp",Florida Today,2026-04-26T23:12:00Z,"SpaceX and United Launch Alliance are preparing for a rare doubleheader launch day from Florida.
A SpaceX Falcon Heavy rocket is set to launch no earlier than 10:21 a.m. Monday, April 27 from Pad 39A at NASA's Kennedy Space Center.
SpaceX has until 1... [956 chars]",ba6174b573624d16d4cb8bc67683ab14
USA,"Former Sen. Ben Sasse, dying of cancer, reflects on family, faith and the future of America","Former Sen. Ben Sasse, dying of cancer, is using the time he has as ""an opportunity to talk about bigger stuff."" He reflects on America's future, and the importance of faith, community and family.",https://www.cbsnews.com/news/former-sen-ben-sasse-cancer-reflects-on-family-faith-and-future-of-america-60-minutes-transcript/,https://assets3.cbsnewsstatic.com/hub/i/r/2026/04/26/95bab1f4-3d60-46b8-9f09-0c499ebb3b5a/thumbnail/1200x630/021d57a619bac198c1ad8020fe6284be/sasse-video-pelley.jpg,CBS News,2026-04-26T23:00:16Z,"Ben Sasse would like a final word. At the age of 54, the former U.S. senator of Nebraska is dying of pancreatic cancer. But a new drug is giving him extra time — time to hear his appeal for reason in Washington and community at home. Sasse is a conse... [10239 chars]",8b1dd027d8311113775ca3c834303f6c
USA,"Trump ""wasn't worried"" during White House Correspondents' Dinner shooting","President Trump details his experience at the White House Correspondents' Dinner, where a gunman charged toward the ballroom. He says he wasn't worried, and praised the actions of law enforcement.",https://www.cbsnews.com/news/trump-white-house-correspondents-dinner-shooting-60-minutes-transcript/,https://assets1.cbsnewsstatic.com/hub/i/r/2026/04/26/065be880-f7a4-478c-ac12-80ceaa21084e/thumbnail/1200x630/61df1ee919f732fec06a2e9fa327954e/trump-odonnell-video.jpg,CBS News,2026-04-26T23:00:15Z,"Last night in the nation's capitol a gunman stormed the security perimeter at the White House Correspondents; Dinner. The president, the first lady, the vice president, cabinet members, and more than 2,500 guests were gathered to celebrate the First ... [13808 chars]",f9a33e7f91fb918a553642f18d074131
USA,"PA leader Abbas's loyalists win local elections, including in Gaza's Deir al‑Balah",First election of any kind in Strip in over 2 decades is cast by Ramallah as a success and 'another step on the path to full independence',https://www.timesofisrael.com/pa-leader-abbass-loyalists-win-local-elections-including-in-gazas-deir-al-balah/,https://static-cdn.toi-media.com/www/uploads/2026/04/F260425ALH09.jpg,The Times of Israel,2026-04-26T22:42:26Z,"A list backed by the Palestinian Authority President Mahmoud Abbas’s Fatah party won most races in the weekend’s Palestinian municipal elections, election officials said Sunday, in a vote that for the first time in nearly two decades included a city ... [4934 chars]",e9214f0e7a2c760a51ea11c6bd178d68
Australia,"King Charles, Queen Camilla proceed with US state visit after White House shooting",The British monarch and Queen Camilla are embarking on a state visit to the United States with relations between the two countries strained and following a shooting at a press gala in Washington.,https://www.abc.net.au/news/2026-04-27/british-royal-head-to-us-for-divisive-state-visit-with-trump/106585994,https://live-production.wcms.abc-cdn.net.au/c80576467499f809f92581a8e6080a6b?impolicy=wcms_watermark_news&cropH=1641&cropW=2917&xPos=0&yPos=32&width=862&height=485&imformat=generic,Australian Broadcasting Corporation,2026-04-27T00:21:41Z,"Reflecting about his first visit to the United States in 1970, King Charles III has previously said that ""they were trying to marry me off to Tricia Nixon"" — the then-president's eldest daughter.
Charles was 21 at the time. This week, the 77-year-old... [8178 chars]",d39ba33d09e04a829e4fe7f3644fd48a
Australia,Trump tells 60 Minutes he ‘wasn’t worried’ during correspondents’ dinner shooting,US president says in interview his curiosity probably slowed Secret Service efforts to rush him out of event,https://www.theguardian.com/us-news/2026/apr/26/trump-60-minutes-interview-white-house-correspondents-dinner-shooting,"https://i.guim.co.uk/img/media/7491f051fcf2655808f7285af1d10d5e3c72fdc7/630_0_6303_5042/master/6303.jpg?width=1200&height=630&quality=85&auto=format&fit=crop&precrop=40:21,offset-x50,offset-y0&overlay-align=bottom%2Cleft&overlay-width=100p&overlay-base64=L2ltZy9zdGF0aWMvb3ZlcmxheXMvdGctZGVmYXVsdC5wbmc&enable=upscale&s=03fef7b11e0350720c51338941a55384",The Guardian,2026-04-27T00:10:00Z,"Donald Trump spoke with CBS correspondent Norah O’Donnell in an interview that aired Sunday night on 60 Minutes describing his ordeal at the White House Correspondents’ Association dinner when shots rang out.
A gunman opened fire at the Washington Hi... [3419 chars]",f3591dad96054ae0ae1893bac93049f4
Australia,"US politics live updates: Trump dinner shooter identified as Cole Tomas Allen; Iran peace talks on hold as ceasefire between Israel, Lebanon becomes fragile",The gunman arrested outside the White House Correspondents’ dinner is in custody as US authorities investigate. Follow the latest news live.,https://www.theage.com.au/national/trump-dinner-shooting-live-gunman-identified-iran-peace-talks-stall-20260427-p5zr88.html,https://static.ffx.io/images/$zoom_0.3014%2C$multiply_0.7554%2C$ratio_1.777778%2C$width_1059%2C$x_119%2C$y_55/t_crop_custom/q_86%2Cf_auto/8a94cbab6f2a8e44f92ab55ee7a7f8ffd7f47cce,The Age,2026-04-27T00:02:33Z,"Pinned post from 6.31am
Go to latest
What’s known about gunman arrested outside correspondent’s dinner
By Jack Gramenz
The gunman arrested at the Washington Hilton, outside the room where US President Donald Trump and members of his administration we... [8872 chars]",26ea18e63bc7239701b36fcc0d4934fc
Australia,"Bowen Mountain, NSW: Bodies found in search for two children after house fire","Two bodies, believed to be two children, have been found in the rubble after a massive fire ripped through a house in the foothills of the Blue Mountains.",https://www.news.com.au/national/nsw-act/news/desperate-search-for-two-people-as-fire-tears-through-home-in-the-hawkesbury/news-story/921079ba673c689038d8bea56eb70713,https://content.api.news/v3/images/bin/f22de34d2005ad5996b636b0c6232131,news.com.au,2026-04-26T23:56:27Z,"Emergency services were called to a home on Lieutenant Bowen Rd in Bowen Mountain, a small town on the outskirts of the Blue Mountains, shortly after 2am on Monday after reports of a fire.
The blaze tore through the home, causing extensive damage to ... [2476 chars]",2170833dd57ca971b45ea104b6acd95e
Australia,old girl Sharon abducted from home near Alice Springs,Northern Territory Police say they believe a missing five-year-old girl in Alice Springs was abducted from her home at a town camp early on Sunday morning.,https://www.abc.net.au/news/2026-04-27/missing-alice-springs-five-year-old-sharon-believed-abduction/106610242,https://live-production.wcms.abc-cdn.net.au/3b3b39d1affbb726978d0aec40cd4bdb?impolicy=wcms_watermark_news&cropH=282&cropW=502&xPos=0&yPos=0&width=862&height=485&imformat=generic,Australian Broadcasting Corporation,2026-04-26T23:36:40Z,"Northern Territory Police say they are now treating the disappearance of a five-year-old girl in Alice Springs as an abduction, while searching for a 47-year-old man who they believe can assist with their inquiries.
Police say the girl — referred to ... [5732 chars]",ef62b9b55c2a1832565f108150d56b28
Australia,Free RSV vaccines roll out for older Australians,Get free RSV vaccines Australia-wide for seniors from May 15. Learn if you're eligible for this life-saving NIP protection this winter.,https://timesnewsgroup.com.au/bellarinetimes/living/free-rsv-vaccines-roll-out-for-older-australians/,https://static.timesnewsgroup.com.au/prod/uploads/sites/3/2026/04/tng-22-apr-26-47.jpg,Times News Group,2026-04-26T23:29:26Z,"RSV vaccinations will be free for older Australians from next month, with the federal government adding the protection to the national immunisation program ahead of winter.
From 15 May, people aged 75 and over will be eligible, along with Aboriginal ... [1880 chars]",8c4dac80fe8b4f00f116d235345d90f7
Australia,James Tedesco cops huge blow after Dylan Edwards statement and Laurie Daley admission,Dylan Edwards has responded to James Tedesco's stellar performance. Find out more here.,https://au.news.yahoo.com/james-tedesco-cops-huge-blow-after-dylan-edwards-statement-and-laurie-daley-admission-232626181.html,https://s.yimg.com/ny/api/res/1.2/xgDcjPgQtGxEP1clDQq21A--/YXBwaWQ9aGlnaGxhbmRlcjt3PTEyMDA7aD02NzU7Y2Y9d2VicA--/https://s.yimg.com/os/creatr-uploaded-images/2026-04/39360e50-41c6-11f1-b3f3-eaf117b0f862,Yahoo News Australia,2026-04-26T23:26:26Z,Penrith star Dylan Edwards made a statement in his bid to retain his NSW fullback jersey with three tries on the weekend having overshadowed James Tedesco's stellar performance. Tedesco was brilliant against the Dragons on Saturday having ripped the ... [2847 chars],6feeeac99389237aba17115bc993de39
Australia,McDonald's to set up Northcote store after overturning council ruling,The fast food giant has been cleared to set up an outlet in the Melbourne suburb of Northcote after successfully challenging a council decision to block its restaurant plans.,https://www.abc.net.au/news/2026-04-27/vic-mcdonalds-wins-northcote-restaurant-battle/106610068,https://live-production.wcms.abc-cdn.net.au/8cebd5298718b3b855668359470c9439?impolicy=wcms_watermark_news&cropH=350&cropW=623&xPos=0&yPos=0&width=862&height=485&imformat=generic,Australian Broadcasting Corporation,2026-04-26T23:25:54Z,"McDonald's has won a court battle to build a 24/7 fast-food restaurant in a Melbourne shopping strip named the world's coolest street in 2024.
Darebin Council last year rejected a planning application for the restaurant in High Street in Northcote, a... [2614 chars]",d9ce0254f6ef194c09f06a1b985a0eb0
